{
  "base_capital": 10000.0,
  "cash_usd": 0.0,
  "btc_amount": 0.05713893904417984,
  "eth_amount": 1.713109053096102,
  "avg_entry_btc": 87505.99999999999,
  "avg_entry_eth": 2918.6700000000005,
  "buckets": {
    "40": {
      "invested_usd": 1100.0,
      "btc_amount": 0.006285283294859781,
      "eth_amount": 0.18844199584057122
    },
    "35": {
      "invested_usd": 1500.0,
      "btc_amount": 0.008570840856626974,
      "eth_amount": 0.2569663579644153
    },
    "30": {
      "invested_usd": 1850.0,
      "btc_amount": 0.010570703723173269,
      "eth_amount": 0.3169251748227789
    },
    "25": {
      "invested_usd": 1850.0,
      "btc_amount": 0.010570703723173269,
      "eth_amount": 0.3169251748227789
    },
    "20": {
      "invested_usd": 1850.0,
      "btc_amount": 0.010570703723173269,
      "eth_amount": 0.3169251748227789
    },
    "15": {
      "invested_usd": 1850.0,
      "btc_amount": 0.010570703723173269,
      "eth_amount": 0.3169251748227789
    }
  },
  "sell_used": {
    "60": false,
    "65": false,
    "70": false,
    "75": false
  }
}